<?xml version="1.0" encoding="UTF-8"?>
<import author="mingarao"
        date="17-06-14"
        desc=""
        name="txm2"
        rootDir="/home/mingarao/Documents/Dropbox/Projets/Schiller2014/xml/txm2"
        script="xmlLoader.groovy"
        version="0.7">
   <linkGrp type="align"/>
   <corpora>
      <corpus annotate="false"
              cqpid="TXM21402999826416"
              desc=""
              encoding="UTF-8"
              font=""
              lang="fr"
              name="TXM2">
         <tokenizer onlyThoseTests="false"/>
         <xslt xsl="/home/mingarao/TXM/xsl/tei/txm-filter-teip5Schiller-xmlw.xsl"/>
         <pattributes/>
         <sattributes/>
         <biblios/>
         <uis/>
         <editions default="default">
       	    <edition mode="groovy" name="default" script="pager.groovy"/>
         </editions>
         <texts>
            <text name="txm-AB">
               <source file="/home/mingarao/TXM/corpora/txm2/txm/TXM2/txm-AB.xml" type=".xml"/>
               <editions>
                  <edition index="/home/mingarao/TXM/corpora/txm2/HTML/TXM2/default"
                           name="default"
                           type="html">
                     <page id="1" wordid="w_0"/>
                     <page id="2" wordid="w_txm-AB_1"/>
                     <page id="3" wordid="w_txm-AB_913"/>
                     <page id="4" wordid="w_txm-AB_2410"/>
                     <page id="5" wordid="w_txm-AB_5710"/>
                     <page id="6" wordid="w_txm-AB_6874"/>
                     <page id="7" wordid="w_txm-AB_10174"/>
                     <page id="8" wordid="w_txm-AB_13474"/>
                     <page id="9" wordid="w_txm-AB_14089"/>
                     <page id="10" wordid="w_txm-AB_17135"/>
                     <page id="11" wordid="w_txm-AB_20435"/>
                     <page id="12" wordid="w_txm-AB_21922"/>
                     <page id="13" wordid="w_txm-AB_22504"/>
                     <page id="14" wordid="w_txm-AB_23094"/>
                     <page id="15" wordid="w_txm-AB_23646"/>
                     <page id="16" wordid="w_txm-AB_23820"/>
                     <page id="17" wordid="w_txm-AB_24110"/>
                     <page id="18" wordid="w_txm-AB_24371"/>
                     <page id="19" wordid="w_txm-AB_24580"/>
                     <page id="20" wordid="w_txm-AB_24775"/>
                     <page id="21" wordid="w_txm-AB_25069"/>
                  </edition>
               </editions>
            </text>
            <text name="txm-Baest">
               <source file="/home/mingarao/TXM/corpora/txm2/txm/TXM2/txm-Baest.xml"
                       type=".xml"/>
               <editions>
                  <edition index="/home/mingarao/TXM/corpora/txm2/HTML/TXM2/default"
                           name="default"
                           type="html">
                     <page id="1" wordid="w_txm-Baest_1"/>
                     <page id="2" wordid="w_txm-Baest_103"/>
                     <page id="3" wordid="w_txm-Baest_122"/>
                     <page id="4" wordid="w_txm-Baest_765"/>
                     <page id="5" wordid="w_txm-Baest_1541"/>
                     <page id="6" wordid="w_txm-Baest_2547"/>
                     <page id="7" wordid="w_txm-Baest_3835"/>
                     <page id="8" wordid="w_txm-Baest_4626"/>
                     <page id="9" wordid="w_txm-Baest_7386"/>
                     <page id="10" wordid="w_txm-Baest_8036"/>
                     <page id="11" wordid="w_txm-Baest_8915"/>
                     <page id="12" wordid="w_txm-Baest_10458"/>
                     <page id="13" wordid="w_txm-Baest_12213"/>
                     <page id="14" wordid="w_txm-Baest_13451"/>
                     <page id="15" wordid="w_txm-Baest_14911"/>
                     <page id="16" wordid="w_txm-Baest_17191"/>
                     <page id="17" wordid="w_txm-Baest_18284"/>
                     <page id="18" wordid="w_txm-Baest_20452"/>
                     <page id="19" wordid="w_txm-Baest_21571"/>
                     <page id="20" wordid="w_txm-Baest_22477"/>
                     <page id="21" wordid="w_txm-Baest_23298"/>
                  </edition>
               </editions>
            </text>
         </texts>
         <queries/>
         <preBuild/>
         <prop key="lang" type="String">fr</prop>
      </corpus>
   </corpora>
</import>