<?xml version="1.0" encoding="UTF-8"?><enrichissement><metadatas><metadata id="titleshort" shortname="titleshort" longname="titleshort" type="String" colwidth="100" selection="true" partition="true" display="true"></metadata><metadata id="titlelong" shortname="titlelong" longname="titlelong" type="String" colwidth="100" selection="true" partition="true" display="true"></metadata><metadata id="dest" shortname="dest" longname="dest" type="String" colwidth="100" selection="true" partition="true" display="true"></metadata></metadatas><texts><text id="txm-Baest"><entry id="titleshort" value="Baest"/><entry id="titlelong" value="Lettres sur l'éducation esthétique"/><entry id="dest" value="Alle"/></text><text id="txm-AB"><entry id="titleshort" value="AB"/><entry id="titlelong" value="Lettres d'Augustenburg"/><entry id="dest" value="Augustenburg"/></text></texts></enrichissement>